NominalDiameter;OuterDiameter;WallThickness;InnerDiameter;CrossSectionArea
15;15;1;13;0.000132732
18;18;1;16;0.000201062
22;22;1;20;0.000314159
28;28;1.2;25.6;0.000514719
